INSERT INTO Growers(Grower_ID, First_Name, Last_Name, Location, Farm_Name, Short_Desc, Long_Desc, Approved, Date_Submitted) VALUES (1, 'Billy', 'Bob', 'Kentucky', 'BillyBob''s Farms', 'Good Coffees', 'The best coffee ever done made', 0, '2018-04-17 11:43:21');
INSERT INTO Growers(Grower_ID, First_Name, Last_Name, Location, Farm_Name, Short_Desc, Long_Desc, Approved, Date_Submitted) VALUES (2, 'Bender', 'Rodriguez', 'New New York', 'Planet Express Coffee', 'Better Coffee', 'Quit asking questions about the coffee', 0, '2018-04-17 11:43:22');
INSERT INTO Growers(Grower_ID, First_Name, Last_Name, Location, Farm_Name, Short_Desc, Long_Desc, Approved, Date_Submitted) VALUES (3, 'Linea', 'Pittet', 'Indonesia', 'Batz, Goyette and Satterfield', 'Morbi non lectus.', 'Phasellus in felis. Donec semper sapien a libero. Nam dui.', 0, '2018-04-18 10:16:39');
INSERT INTO Growers(Grower_ID, First_Name, Last_Name, Location, Farm_Name, Short_Desc, Long_Desc, Approved, Date_Submitted) VALUES (4, 'Conny', 'Rapier', 'Philippines', 'Anderson-Krajcik', 'Duis at velit eu est congue elementum.', 'Morbi ut odio. Cras mi pede, malesuada in, imperdiet et, commodo vulputate, justo. In blandit ultrices enim. Lorem ipsum dolor sit amet, consectetuer adipiscing elit. Proin interdum mauris non ligula pellentesque ultrices. Phasellus id sapien in sapien iaculis congue.', 0, '2018-04-18 10:16:39');
INSERT INTO Growers(Grower_ID, First_Name, Last_Name, Location, Farm_Name, Short_Desc, Long_Desc, Approved, Date_Submitted) VALUES (5, 'Erinna', 'Telfer', 'United States', 'Ondricka-Will', 'Curabitur gravida nisi at nibh.', 'In hac habitasse platea dictumst. Aliquam augue quam, sollicitudin vitae, consectetuer eget, rutrum at, lorem. Integer tincidunt ante vel ipsum. Praesent blandit lacinia erat.', 0, '2018-04-18 10:16:39');
INSERT INTO Growers(Grower_ID, First_Name, Last_Name, Location, Farm_Name, Short_Desc, Long_Desc, Approved, Date_Submitted) VALUES (6, 'Jdavie', 'Ortsmann', 'Honduras', 'Ruecker, Fahey and Ernser', 'Nullam porttitor lacus at turpis.', 'Curabitur at ipsum ac tellus semper interdum. Mauris ullamcorper purus sit amet nulla. Quisque arcu libero, rutrum ac, lobortis vel, dapibus at, diam. Nam tristique tortor eu pede.', 0, '2018-04-18 10:16:39');
INSERT INTO Growers(Grower_ID, First_Name, Last_Name, Location, Farm_Name, Short_Desc, Long_Desc, Approved, Date_Submitted) VALUES (7, 'Kasper', 'Yakovitch', 'Honduras', 'Fahey-Champlin', 'Donec odio justo, sollicitudin ut, suscipit a, feugiat et, eros.', 'In congue. Etiam justo. Etiam pretium iaculis justo. In hac habitasse platea dictumst. Etiam faucibus cursus urna. Ut tellus. Nulla ut erat id mauris vulputate elementum. Nullam varius. Nulla facilisi. Cras non velit nec nisi vulputate nonummy.', 0, '2018-04-18 10:16:39');
INSERT INTO Growers(Grower_ID, First_Name, Last_Name, Location, Farm_Name, Short_Desc, Long_Desc, Approved, Date_Submitted) VALUES (8, 'Marcelia', 'Jado', 'Tunisia', 'Murphy Group', 'Nam congue, risus semper porta volutpat, quam pede lobortis ligula, sit amet eleifend pede libero quis orci.', 'Cras pellentesque volutpat dui. Maecenas tristique, est et tempus semper, est quam pharetra magna, ac consequat metus sapien ut nunc. Vestibulum ante ipsum primis in faucibus orci luctus et ultrices posuere cubilia Curae; Mauris viverra diam vitae quam. Suspendisse potenti. Nullam porttitor lacus at turpis. Donec posuere metus vitae ipsum.', 0, '2018-04-18 10:16:39');
INSERT INTO Growers(Grower_ID, First_Name, Last_Name, Location, Farm_Name, Short_Desc, Long_Desc, Approved, Date_Submitted) VALUES (9, 'Rozelle', 'Graysmark', 'Portugal', 'Donnelly, Moore and Wilkinson', 'Donec semper sapien a libero.', 'Praesent blandit. Nam nulla. Integer pede justo, lacinia eget, tincidunt eget, tempus vel, pede.', 0, '2018-04-18 10:16:39');
INSERT INTO Growers(Grower_ID, First_Name, Last_Name, Location, Farm_Name, Short_Desc, Long_Desc, Approved, Date_Submitted) VALUES (10, 'Carilyn', 'Hallock', 'United States', 'Shanahan-Marvin', 'Morbi quis tortor id nulla ultrices aliquet.', 'Integer a nibh. In quis justo. Maecenas rhoncus aliquam lacus.', 0, '2018-04-18 10:16:39');
INSERT INTO Growers(Grower_ID, First_Name, Last_Name, Location, Farm_Name, Short_Desc, Long_Desc, Approved, Date_Submitted) VALUES (11, 'Phyllis', 'Bonanno', 'Moldova', 'Mraz Inc', 'Sed ante.', 'Vestibulum rutrum rutrum neque. Aenean auctor gravida sem. Praesent id massa id nisl venenatis lacinia. Aenean sit amet justo. Morbi ut odio. Cras mi pede, malesuada in, imperdiet et, commodo vulputate, justo. In blandit ultrices enim.', 0, '2018-04-18 10:16:39');
INSERT INTO Growers(Grower_ID, First_Name, Last_Name, Location, Farm_Name, Short_Desc, Long_Desc, Approved, Date_Submitted) VALUES (12, 'Herb', 'Pardue', 'China', 'Pollich and Sons', 'Proin leo odio, porttitor id, consequat in, consequat ut, nulla.', 'Praesent id massa id nisl venenatis lacinia. Aenean sit amet justo. Morbi ut odio. Cras mi pede, malesuada in, imperdiet et, commodo vulputate, justo. In blandit ultrices enim.', 0, '2018-04-18 10:16:39');
INSERT INTO Growers(Grower_ID, First_Name, Last_Name, Location, Farm_Name, Short_Desc, Long_Desc, Approved, Date_Submitted) VALUES (13, 'Valentina', 'Piddington', 'Colombia', 'Fritsch and Sons', 'Donec vitae nisi.', 'Nam nulla. Integer pede justo, lacinia eget, tincidunt eget, tempus vel, pede. Morbi porttitor lorem id ligula. Suspendisse ornare consequat lectus. In est risus, auctor sed, tristique in, tempus sit amet, sem. Fusce consequat. Nulla nisl. Nunc nisl. Duis bibendum, felis sed interdum venenatis, turpis enim blandit mi, in porttitor pede justo eu massa. Donec dapibus.', 0, '2018-04-18 10:16:39');
INSERT INTO Growers(Grower_ID, First_Name, Last_Name, Location, Farm_Name, Short_Desc, Long_Desc, Approved, Date_Submitted) VALUES (14, 'Dorena', 'Gatling', 'Greece', 'Gleichner, Hermann and Bayer', 'Nulla nisl.', 'Maecenas tristique, est et tempus semper, est quam pharetra magna, ac consequat metus sapien ut nunc. Vestibulum ante ipsum primis in faucibus orci luctus et ultrices posuere cubilia Curae; Mauris viverra diam vitae quam. Suspendisse potenti. Nullam porttitor lacus at turpis. Donec posuere metus vitae ipsum. Aliquam non mauris. Morbi non lectus.', 0, '2018-04-18 10:16:39');
INSERT INTO Growers(Grower_ID, First_Name, Last_Name, Location, Farm_Name, Short_Desc, Long_Desc, Approved, Date_Submitted) VALUES (15, 'Linea', 'Garcia', 'Jamaica', 'Jacobs-Schowalter', 'In hac habitasse platea dictumst.', 'Phasellus sit amet erat. Nulla tempus. Vivamus in felis eu sapien cursus vestibulum. Proin eu mi. Nulla ac enim. In tempor, turpis nec euismod scelerisque, quam turpis adipiscing lorem, vitae mattis nibh ligula nec sem.', 0, '2018-04-18 10:16:39');
INSERT INTO Growers(Grower_ID, First_Name, Last_Name, Location, Farm_Name, Short_Desc, Long_Desc, Approved, Date_Submitted) VALUES (16, 'Karlyn', 'Wetherill', 'Japan', 'Brakus Inc', 'Integer non velit.', 'Vestibulum ante ipsum primis in faucibus orci luctus et ultrices posuere cubilia Curae; Nulla dapibus dolor vel est. Donec odio justo, sollicitudin ut, suscipit a, feugiat et, eros. Vestibulum ac est lacinia nisi venenatis tristique.', 0, '2018-04-18 10:16:39');
INSERT INTO Growers(Grower_ID, First_Name, Last_Name, Location, Farm_Name, Short_Desc, Long_Desc, Approved, Date_Submitted) VALUES (17, 'Ozzie', 'Gerrit', 'Chad', 'Douglas LLC', 'Duis consequat dui nec nisi volutpat eleifend.', 'Lorem ipsum dolor sit amet, consectetuer adipiscing elit. Proin interdum mauris non ligula pellentesque ultrices. Phasellus id sapien in sapien iaculis congue. Vivamus metus arcu, adipiscing molestie, hendrerit at, vulputate vitae, nisl. Aenean lectus. Pellentesque eget nunc.', 0, '2018-04-18 10:16:39');
INSERT INTO Growers(Grower_ID, First_Name, Last_Name, Location, Farm_Name, Short_Desc, Long_Desc, Approved, Date_Submitted) VALUES (18, 'Zora', 'McGettrick', 'Serbia', 'D''Amore, Hegmann and Nitzsche', 'Integer pede justo, lacinia eget, tincidunt eget, tempus vel, pede.', 'Maecenas ut massa quis augue luctus tincidunt. Nulla mollis molestie lorem. Quisque ut erat. Curabitur gravida nisi at nibh. In hac habitasse platea dictumst. Aliquam augue quam, sollicitudin vitae, consectetuer eget, rutrum at, lorem. Integer tincidunt ante vel ipsum. Praesent blandit lacinia erat. Vestibulum sed magna at nunc commodo placerat.', 0, '2018-04-18 10:16:39');
INSERT INTO Growers(Grower_ID, First_Name, Last_Name, Location, Farm_Name, Short_Desc, Long_Desc, Approved, Date_Submitted) VALUES (19, 'Ceil', 'Kief', 'Ireland', 'Volkman, Bogisich and Hayes', 'Mauris sit amet eros.', 'Duis bibendum, felis sed interdum venenatis, turpis enim blandit mi, in porttitor pede justo eu massa. Donec dapibus. Duis at velit eu est congue elementum. In hac habitasse platea dictumst. Morbi vestibulum, velit id pretium iaculis, diam erat fermentum justo, nec condimentum neque sapien placerat ante. Nulla justo. Aliquam quis turpis eget elit sodales scelerisque. Mauris sit amet eros.', 0, '2018-04-18 10:16:39');
INSERT INTO Growers(Grower_ID, First_Name, Last_Name, Location, Farm_Name, Short_Desc, Long_Desc, Approved, Date_Submitted) VALUES (20, 'Collette', 'Goroni', 'Serbia', 'Pacocha-O''Reilly', 'Suspendisse potenti.', 'Vestibulum ante ipsum primis in faucibus orci luctus et ultrices posuere cubilia Curae; Nulla dapibus dolor vel est. Donec odio justo, sollicitudin ut, suscipit a, feugiat et, eros. Vestibulum ac est lacinia nisi venenatis tristique. Fusce congue, diam id ornare imperdiet, sapien urna pretium nisl, ut volutpat sapien arcu sed augue. Aliquam erat volutpat. In congue. Etiam justo. Etiam pretium iaculis justo. In hac habitasse platea dictumst.', 0, '2018-04-18 10:16:39');
INSERT INTO Growers(Grower_ID, First_Name, Last_Name, Location, Farm_Name, Short_Desc, Long_Desc, Approved, Date_Submitted) VALUES (21, 'Xylina', 'Ewbach', 'Hungary', 'Stanton Group', 'Cum sociis natoque penatibus et magnis dis parturient montes, nascetur ridiculus mus.', 'Curabitur gravida nisi at nibh. In hac habitasse platea dictumst. Aliquam augue quam, sollicitudin vitae, consectetuer eget, rutrum at, lorem. Integer tincidunt ante vel ipsum. Praesent blandit lacinia erat. Vestibulum sed magna at nunc commodo placerat. Praesent blandit. Nam nulla. Integer pede justo, lacinia eget, tincidunt eget, tempus vel, pede. Morbi porttitor lorem id ligula.', 0, '2018-04-18 10:16:39');
INSERT INTO Growers(Grower_ID, First_Name, Last_Name, Location, Farm_Name, Short_Desc, Long_Desc, Approved, Date_Submitted) VALUES (22, 'Latashia', 'Oxbe', 'Japan', 'Langworth, Kemmer and Hudson', 'Nullam porttitor lacus at turpis.', 'Praesent id massa id nisl venenatis lacinia. Aenean sit amet justo. Morbi ut odio. Cras mi pede, malesuada in, imperdiet et, commodo vulputate, justo. In blandit ultrices enim. Lorem ipsum dolor sit amet, consectetuer adipiscing elit. Proin interdum mauris non ligula pellentesque ultrices. Phasellus id sapien in sapien iaculis congue. Vivamus metus arcu, adipiscing molestie, hendrerit at, vulputate vitae, nisl. Aenean lectus.', 0, '2018-04-18 10:16:39');
INSERT INTO Growers(Grower_ID, First_Name, Last_Name, Location, Farm_Name, Short_Desc, Long_Desc, Approved, Date_Submitted) VALUES (23, 'John', 'Doe', 'Nicaragua', 'Generic Farms', 'Just coffee.', 'The most coffee-like coffee available', 0, '2018-04-18 10:17:34');
INSERT INTO Growers(Grower_ID, First_Name, Last_Name, Location, Farm_Name, Short_Desc, Long_Desc, Approved, Date_Submitted) VALUES (24, 'Albert', 'Einstein', 'Germany', 'Relativity Farms', 'Smartest coffee this side of the Atlantic', 'No smarter coffee is available', 0, '2018-04-18 10:17:34');

INSERT INTO Coffees(Coffee_ID, Grower_ID, Coffee_Name, Roast, Caffeination, Short_Desc, Long_Desc, Approved, Date_Submitted) VALUES (1, 16, 'Summer of ''62 (Cartouches gauloises)', 'Drama|War', 'Daewoo Magnus', 'Nulla tellus.', 'Integer pede justo, lacinia eget, tincidunt eget, tempus vel, pede. Morbi porttitor lorem id ligula. Suspendisse ornare consequat lectus. In est risus, auctor sed, tristique in, tempus sit amet, sem. Fusce consequat.', 0, '2018-04-18 10:22:05');
INSERT INTO Coffees(Coffee_ID, Grower_ID, Coffee_Name, Roast, Caffeination, Short_Desc, Long_Desc, Approved, Date_Submitted) VALUES (2, 3, 'Old Man Made in Spain (Abuelo made in Spain)', 'Comedy', 'Pajero', 'Cras non velit nec nisi vulputate nonummy.', 'Pellentesque eget nunc. Donec quis orci eget orci vehicula condimentum. Curabitur in libero ut massa volutpat convallis. Morbi odio odio, elementum eu, interdum eu, tincidunt in, leo. Maecenas pulvinar lobortis est. Phasellus sit amet erat. Nulla tempus. Vivamus in felis eu sapien cursus vestibulum.', 0, '2018-04-18 10:22:05');
INSERT INTO Coffees(Coffee_ID, Grower_ID, Coffee_Name, Roast, Caffeination, Short_Desc, Long_Desc, Approved, Date_Submitted) VALUES (3, 13, 'Insurgent', 'Action|Romance|Sci-Fi', 'New Beetle', 'Aliquam quis turpis eget elit sodales scelerisque.', 'Nunc nisl. Duis bibendum, felis sed interdum venenatis, turpis enim blandit mi, in porttitor pede justo eu massa. Donec dapibus. Duis at velit eu est congue elementum. In hac habitasse platea dictumst. Morbi vestibulum, velit id pretium iaculis, diam erat fermentum justo, nec condimentum neque sapien placerat ante. Nulla justo. Aliquam quis turpis eget elit sodales scelerisque.', 0, '2018-04-18 10:22:05');
INSERT INTO Coffees(Coffee_ID, Grower_ID, Coffee_Name, Roast, Caffeination, Short_Desc, Long_Desc, Approved, Date_Submitted) VALUES (4, 8, 'In the Heart of the Sea', 'Action|Adventure|Drama', 'MP4-12C', 'Praesent lectus.', 'Aliquam augue quam, sollicitudin vitae, consectetuer eget, rutrum at, lorem. Integer tincidunt ante vel ipsum. Praesent blandit lacinia erat. Vestibulum sed magna at nunc commodo placerat. Praesent blandit. Nam nulla. Integer pede justo, lacinia eget, tincidunt eget, tempus vel, pede.', 0, '2018-04-18 10:22:05');
INSERT INTO Coffees(Coffee_ID, Grower_ID, Coffee_Name, Roast, Caffeination, Short_Desc, Long_Desc, Approved, Date_Submitted) VALUES (5, 22, 'He Got Game', 'Drama', 'Voyager', 'Curabitur gravida nisi at nibh.', 'Mauris enim leo, rhoncus sed, vestibulum sit amet, cursus id, turpis. Integer aliquet, massa id lobortis convallis, tortor risus dapibus augue, vel accumsan tellus nisi eu orci. Mauris lacinia sapien quis libero. Nullam sit amet turpis elementum ligula vehicula consequat. Morbi a ipsum. Integer a nibh. In quis justo. Maecenas rhoncus aliquam lacus. Morbi quis tortor id nulla ultrices aliquet. Maecenas leo odio, condimentum id, luctus nec, molestie sed, justo.', 0, '2018-04-18 10:22:05');
INSERT INTO Coffees(Coffee_ID, Grower_ID, Coffee_Name, Roast, Caffeination, Short_Desc, Long_Desc, Approved, Date_Submitted) VALUES (6, 21, '24th Day, The', 'Drama|Thriller', 'F-Series', 'Nunc purus.', 'Integer ac leo. Pellentesque ultrices mattis odio. Donec vitae nisi. Nam ultrices, libero non mattis pulvinar, nulla pede ullamcorper augue, a suscipit nulla elit ac nulla. Sed vel enim sit amet nunc viverra dapibus. Nulla suscipit ligula in lacus. Curabitur at ipsum ac tellus semper interdum. Mauris ullamcorper purus sit amet nulla. Quisque arcu libero, rutrum ac, lobortis vel, dapibus at, diam. Nam tristique tortor eu pede.', 0, '2018-04-18 10:22:05');
INSERT INTO Coffees(Coffee_ID, Grower_ID, Coffee_Name, Roast, Caffeination, Short_Desc, Long_Desc, Approved, Date_Submitted) VALUES (7, 4, 'Actress, the Dollars and the Transylvanians, The (Artista, dolarii si Ardelenii)', 'Western', 'GS', 'Quisque arcu libero, rutrum ac, lobortis vel, dapibus at, diam.', 'Mauris enim leo, rhoncus sed, vestibulum sit amet, cursus id, turpis. Integer aliquet, massa id lobortis convallis, tortor risus dapibus augue, vel accumsan tellus nisi eu orci. Mauris lacinia sapien quis libero. Nullam sit amet turpis elementum ligula vehicula consequat. Morbi a ipsum. Integer a nibh. In quis justo. Maecenas rhoncus aliquam lacus. Morbi quis tortor id nulla ultrices aliquet. Maecenas leo odio, condimentum id, luctus nec, molestie sed, justo.', 0, '2018-04-18 10:22:05');
INSERT INTO Coffees(Coffee_ID, Grower_ID, Coffee_Name, Roast, Caffeination, Short_Desc, Long_Desc, Approved, Date_Submitted) VALUES (8, 19, 'Code Name: The Cleaner', 'Action|Comedy|Crime', 'xB', 'In sagittis dui vel nisl.', 'Vivamus vestibulum sagittis sapien. Cum sociis natoque penatibus et magnis dis parturient montes, nascetur ridiculus mus. Etiam vel augue.', 0, '2018-04-18 10:22:05');
INSERT INTO Coffees(Coffee_ID, Grower_ID, Coffee_Name, Roast, Caffeination, Short_Desc, Long_Desc, Approved, Date_Submitted) VALUES (9, 17, 'Quare Fellow, The (a.k.a. The Condemned Man)', 'Drama', 'Grand Vitara', 'Vestibulum ante ipsum primis in faucibus orci luctus et ultrices posuere cubilia Curae; Duis faucibus accumsan odio.', 'Fusce lacus purus, aliquet at, feugiat non, pretium quis, lectus. Suspendisse potenti. In eleifend quam a odio. In hac habitasse platea dictumst. Maecenas ut massa quis augue luctus tincidunt. Nulla mollis molestie lorem.', 0, '2018-04-18 10:22:05');
INSERT INTO Coffees(Coffee_ID, Grower_ID, Coffee_Name, Roast, Caffeination, Short_Desc, Long_Desc, Approved, Date_Submitted) VALUES (10, 11, 'Dolores Claiborne', 'Drama|Thriller', 'Envoy', 'Nunc purus.', 'In sagittis dui vel nisl. Duis ac nibh. Fusce lacus purus, aliquet at, feugiat non, pretium quis, lectus. Suspendisse potenti.', 0, '2018-04-18 10:22:05');
INSERT INTO Coffees(Coffee_ID, Grower_ID, Coffee_Name, Roast, Caffeination, Short_Desc, Long_Desc, Approved, Date_Submitted) VALUES (11, 5, 'Crime of Father Amaro, The (Crimen del padre Amaro, El)', 'Drama|Romance', '80', 'Duis bibendum.', 'Maecenas rhoncus aliquam lacus. Morbi quis tortor id nulla ultrices aliquet. Maecenas leo odio, condimentum id, luctus nec, molestie sed, justo.', 0, '2018-04-18 10:22:05');
INSERT INTO Coffees(Coffee_ID, Grower_ID, Coffee_Name, Roast, Caffeination, Short_Desc, Long_Desc, Approved, Date_Submitted) VALUES (12, 3, 'Muzi v nadeji', 'Comedy|Drama|Romance', 'Thunderbird', 'Vivamus tortor.', 'Aenean auctor gravida sem. Praesent id massa id nisl venenatis lacinia. Aenean sit amet justo. Morbi ut odio. Cras mi pede, malesuada in, imperdiet et, commodo vulputate, justo. In blandit ultrices enim. Lorem ipsum dolor sit amet, consectetuer adipiscing elit. Proin interdum mauris non ligula pellentesque ultrices.', 0, '2018-04-18 10:22:05');
INSERT INTO Coffees(Coffee_ID, Grower_ID, Coffee_Name, Roast, Caffeination, Short_Desc, Long_Desc, Approved, Date_Submitted) VALUES (13, 6, 'White Fang 2: Myth of the White Wolf', 'Adventure|Children', 'A6', 'Nam dui.', 'Suspendisse accumsan tortor quis turpis. Sed ante. Vivamus tortor.', 0, '2018-04-18 10:22:06');
INSERT INTO Coffees(Coffee_ID, Grower_ID, Coffee_Name, Roast, Caffeination, Short_Desc, Long_Desc, Approved, Date_Submitted) VALUES (14, 24, 'Reykjavik-Rotterdam', 'Drama|Thriller', 'Explorer', 'Nulla justo.', 'Cras non velit nec nisi vulputate nonummy. Maecenas tincidunt lacus at velit. Vivamus vel nulla eget eros elementum pellentesque. Quisque porta volutpat erat. Quisque erat eros, viverra eget, congue eget, semper rutrum, nulla. Nunc purus. Phasellus in felis. Donec semper sapien a libero. Nam dui.', 0, '2018-04-18 10:22:06');
INSERT INTO Coffees(Coffee_ID, Grower_ID, Coffee_Name, Roast, Caffeination, Short_Desc, Long_Desc, Approved, Date_Submitted) VALUES (15, 10, 'Eye of the Beholder', 'Thriller', 'Corolla', 'Cum sociis natoque penatibus et magnis dis parturient montes, nascetur ridiculus mus.', 'Aliquam non mauris. Morbi non lectus. Aliquam sit amet diam in magna bibendum imperdiet. Nullam orci pede, venenatis non, sodales sed, tincidunt eu, felis.', 0, '2018-04-18 10:22:06');
INSERT INTO Coffees(Coffee_ID, Grower_ID, Coffee_Name, Roast, Caffeination, Short_Desc, Long_Desc, Approved, Date_Submitted) VALUES (16, 2, 'Yes: 9012 Live', 'Documentary|Musical', 'Alcyone SVX', 'Vestibulum ante ipsum primis in faucibus orci luctus et ultrices posuere cubilia Curae; Mauris viverra diam vitae quam.', 'Ut tellus. Nulla ut erat id mauris vulputate elementum. Nullam varius. Nulla facilisi. Cras non velit nec nisi vulputate nonummy. Maecenas tincidunt lacus at velit. Vivamus vel nulla eget eros elementum pellentesque. Quisque porta volutpat erat. Quisque erat eros, viverra eget, congue eget, semper rutrum, nulla. Nunc purus.', 0, '2018-04-18 10:22:06');
INSERT INTO Coffees(Coffee_ID, Grower_ID, Coffee_Name, Roast, Caffeination, Short_Desc, Long_Desc, Approved, Date_Submitted) VALUES (17, 15, 'Conflagration (Enjô)', 'Drama', 'Sunbird', 'Cum sociis natoque penatibus et magnis dis parturient montes, nascetur ridiculus mus.', 'Curabitur convallis. Duis consequat dui nec nisi volutpat eleifend. Donec ut dolor. Morbi vel lectus in quam fringilla rhoncus.', 0, '2018-04-18 10:22:06');
INSERT INTO Coffees(Coffee_ID, Grower_ID, Coffee_Name, Roast, Caffeination, Short_Desc, Long_Desc, Approved, Date_Submitted) VALUES (18, 9, 'Altman', 'Documentary', 'Grand Marquis', 'Morbi non lectus.', 'Lorem ipsum dolor sit amet, consectetuer adipiscing elit. Proin risus. Praesent lectus. Vestibulum quam sapien, varius ut, blandit non, interdum in, ante. Vestibulum ante ipsum primis in faucibus orci luctus et ultrices posuere cubilia Curae; Duis faucibus accumsan odio. Curabitur convallis.', 0, '2018-04-18 10:22:06');
INSERT INTO Coffees(Coffee_ID, Grower_ID, Coffee_Name, Roast, Caffeination, Short_Desc, Long_Desc, Approved, Date_Submitted) VALUES (19, 20, 'Michael', 'Comedy|Drama|Fantasy|Romance', 'Regal', 'Fusce consequat.', 'Fusce consequat. Nulla nisl. Nunc nisl. Duis bibendum, felis sed interdum venenatis, turpis enim blandit mi, in porttitor pede justo eu massa.', 0, '2018-04-18 10:22:06');
INSERT INTO Coffees(Coffee_ID, Grower_ID, Coffee_Name, Roast, Caffeination, Short_Desc, Long_Desc, Approved, Date_Submitted) VALUES (20, 17, 'Excuse Me for Living', 'Comedy|Romance', 'Breeze', 'In est risus, auctor sed, tristique in, tempus sit amet, sem.', 'In hac habitasse platea dictumst. Morbi vestibulum, velit id pretium iaculis, diam erat fermentum justo, nec condimentum neque sapien placerat ante. Nulla justo. Aliquam quis turpis eget elit sodales scelerisque. Mauris sit amet eros.', 0, '2018-04-18 10:22:06');
INSERT INTO Coffees(Coffee_ID, Grower_ID, Coffee_Name, Roast, Caffeination, Short_Desc, Long_Desc, Approved, Date_Submitted) VALUES (21, 3, 'Actress, The', 'Comedy|Drama', 'Econoline E350', 'Aenean sit amet justo.', 'Nam dui. Proin leo odio, porttitor id, consequat in, consequat ut, nulla. Sed accumsan felis. Ut at dolor quis odio consequat varius. Integer ac leo. Pellentesque ultrices mattis odio.', 0, '2018-04-18 10:22:06');
INSERT INTO Coffees(Coffee_ID, Grower_ID, Coffee_Name, Roast, Caffeination, Short_Desc, Long_Desc, Approved, Date_Submitted) VALUES (22, 9, 'Darjeeling Limited, The', 'Adventure|Comedy|Drama', 'Ram 3500', 'Cum sociis natoque penatibus et magnis dis parturient montes, nascetur ridiculus mus.', 'In hac habitasse platea dictumst. Maecenas ut massa quis augue luctus tincidunt. Nulla mollis molestie lorem. Quisque ut erat. Curabitur gravida nisi at nibh.', 0, '2018-04-18 10:22:06');
INSERT INTO Coffees(Coffee_ID, Grower_ID, Coffee_Name, Roast, Caffeination, Short_Desc, Long_Desc, Approved, Date_Submitted) VALUES (23, 1, 'Faces of Death 4', 'Documentary|Horror', 'Optima', 'Ut tellus.', 'Nullam molestie nibh in lectus. Pellentesque at nulla. Suspendisse potenti. Cras in purus eu magna vulputate luctus.', 0, '2018-04-18 10:22:06');
INSERT INTO Coffees(Coffee_ID, Grower_ID, Coffee_Name, Roast, Caffeination, Short_Desc, Long_Desc, Approved, Date_Submitted) VALUES (24, 3, 'Putin''s Kiss', 'Documentary', 'Jetta', 'Nulla suscipit ligula in lacus.', 'Nullam sit amet turpis elementum ligula vehicula consequat. Morbi a ipsum. Integer a nibh. In quis justo. Maecenas rhoncus aliquam lacus.', 0, '2018-04-18 10:22:06');
INSERT INTO Coffees(Coffee_ID, Grower_ID, Coffee_Name, Roast, Caffeination, Short_Desc, Long_Desc, Approved, Date_Submitted) VALUES (25, 9, 'Blue Blood', 'Documentary', 'Town & Country', 'Fusce consequat.', 'Fusce consequat. Nulla nisl. Nunc nisl. Duis bibendum, felis sed interdum venenatis, turpis enim blandit mi, in porttitor pede justo eu massa. Donec dapibus. Duis at velit eu est congue elementum. In hac habitasse platea dictumst.', 0, '2018-04-18 10:22:06');
INSERT INTO Coffees(Coffee_ID, Grower_ID, Coffee_Name, Roast, Caffeination, Short_Desc, Long_Desc, Approved, Date_Submitted) VALUES (26, 19, 'Bride of Re-Animator', 'Comedy|Horror', 'Econoline E350', 'Donec diam neque, vestibulum eget, vulputate ut, ultrices vel, augue.', 'Maecenas tristique, est et tempus semper, est quam pharetra magna, ac consequat metus sapien ut nunc. Vestibulum ante ipsum primis in faucibus orci luctus et ultrices posuere cubilia Curae; Mauris viverra diam vitae quam. Suspendisse potenti. Nullam porttitor lacus at turpis. Donec posuere metus vitae ipsum. Aliquam non mauris. Morbi non lectus. Aliquam sit amet diam in magna bibendum imperdiet.', 0, '2018-04-18 10:22:06');
INSERT INTO Coffees(Coffee_ID, Grower_ID, Coffee_Name, Roast, Caffeination, Short_Desc, Long_Desc, Approved, Date_Submitted) VALUES (27, 18, 'Happy Ever Afters', 'Comedy', 'LR3', 'Etiam pretium iaculis justo.', 'Pellentesque viverra pede ac diam. Cras pellentesque volutpat dui. Maecenas tristique, est et tempus semper, est quam pharetra magna, ac consequat metus sapien ut nunc. Vestibulum ante ipsum primis in faucibus orci luctus et ultrices posuere cubilia Curae; Mauris viverra diam vitae quam.', 0, '2018-04-18 10:22:06');
INSERT INTO Coffees(Coffee_ID, Grower_ID, Coffee_Name, Roast, Caffeination, Short_Desc, Long_Desc, Approved, Date_Submitted) VALUES (28, 24, 'Man Who Cried, The', 'Drama', 'Aspire', 'Ut at dolor quis odio consequat varius.', 'Morbi non lectus. Aliquam sit amet diam in magna bibendum imperdiet. Nullam orci pede, venenatis non, sodales sed, tincidunt eu, felis. Fusce posuere felis sed lacus.', 0, '2018-04-18 10:22:06');
INSERT INTO Coffees(Coffee_ID, Grower_ID, Coffee_Name, Roast, Caffeination, Short_Desc, Long_Desc, Approved, Date_Submitted) VALUES (29, 2, 'Wishmaster 2: Evil Never Dies', 'Fantasy|Horror', 'E350', 'Vestibulum quam sapien, varius ut, blandit non, interdum in, ante.', 'Vestibulum ante ipsum primis in faucibus orci luctus et ultrices posuere cubilia Curae; Nulla dapibus dolor vel est. Donec odio justo, sollicitudin ut, suscipit a, feugiat et, eros. Vestibulum ac est lacinia nisi venenatis tristique. Fusce congue, diam id ornare imperdiet, sapien urna pretium nisl, ut volutpat sapien arcu sed augue. Aliquam erat volutpat. In congue. Etiam justo. Etiam pretium iaculis justo. In hac habitasse platea dictumst.', 0, '2018-04-18 10:22:06');
INSERT INTO Coffees(Coffee_ID, Grower_ID, Coffee_Name, Roast, Caffeination, Short_Desc, Long_Desc, Approved, Date_Submitted) VALUES (30, 14, 'Bright Lights (Adventures in Africa)', 'Drama|Musical', '5 Series', 'Nam congue, risus semper porta volutpat, quam pede lobortis ligula, sit amet eleifend pede libero quis orci.', 'Morbi quis tortor id nulla ultrices aliquet. Maecenas leo odio, condimentum id, luctus nec, molestie sed, justo. Pellentesque viverra pede ac diam. Cras pellentesque volutpat dui. Maecenas tristique, est et tempus semper, est quam pharetra magna, ac consequat metus sapien ut nunc. Vestibulum ante ipsum primis in faucibus orci luctus et ultrices posuere cubilia Curae; Mauris viverra diam vitae quam. Suspendisse potenti. Nullam porttitor lacus at turpis. Donec posuere metus vitae ipsum. Aliquam non mauris.', 0, '2018-04-18 10:22:06');
INSERT INTO Coffees(Coffee_ID, Grower_ID, Coffee_Name, Roast, Caffeination, Short_Desc, Long_Desc, Approved, Date_Submitted) VALUES (31, 22, 'Chelsea Girls', 'Drama', '911', 'Sed sagittis.', 'Nulla neque libero, convallis eget, eleifend luctus, ultricies eu, nibh. Quisque id justo sit amet sapien dignissim vestibulum. Vestibulum ante ipsum primis in faucibus orci luctus et ultrices posuere cubilia Curae; Nulla dapibus dolor vel est. Donec odio justo, sollicitudin ut, suscipit a, feugiat et, eros. Vestibulum ac est lacinia nisi venenatis tristique.', 0, '2018-04-18 10:22:06');
INSERT INTO Coffees(Coffee_ID, Grower_ID, Coffee_Name, Roast, Caffeination, Short_Desc, Long_Desc, Approved, Date_Submitted) VALUES (32, 20, 'Love Games', 'Animation|Drama|Romance', 'Camaro', 'Vivamus metus arcu, adipiscing molestie, hendrerit at, vulputate vitae, nisl.', 'Vestibulum ac est lacinia nisi venenatis tristique. Fusce congue, diam id ornare imperdiet, sapien urna pretium nisl, ut volutpat sapien arcu sed augue. Aliquam erat volutpat. In congue. Etiam justo. Etiam pretium iaculis justo. In hac habitasse platea dictumst. Etiam faucibus cursus urna. Ut tellus.', 0, '2018-04-18 10:22:06');
INSERT INTO Coffees(Coffee_ID, Grower_ID, Coffee_Name, Roast, Caffeination, Short_Desc, Long_Desc, Approved, Date_Submitted) VALUES (33, 2, 'Six Weeks', 'Drama', 'G', 'Vivamus vestibulum sagittis sapien.', 'Integer tincidunt ante vel ipsum. Praesent blandit lacinia erat. Vestibulum sed magna at nunc commodo placerat.', 0, '2018-04-18 10:22:06');
INSERT INTO Coffees(Coffee_ID, Grower_ID, Coffee_Name, Roast, Caffeination, Short_Desc, Long_Desc, Approved, Date_Submitted) VALUES (34, 15, 'Nixon', 'Drama', 'Town & Country', 'Fusce congue, diam id ornare imperdiet, sapien urna pretium nisl, ut volutpat sapien arcu sed augue.', 'In blandit ultrices enim. Lorem ipsum dolor sit amet, consectetuer adipiscing elit. Proin interdum mauris non ligula pellentesque ultrices. Phasellus id sapien in sapien iaculis congue. Vivamus metus arcu, adipiscing molestie, hendrerit at, vulputate vitae, nisl.', 0, '2018-04-18 10:22:06');
INSERT INTO Coffees(Coffee_ID, Grower_ID, Coffee_Name, Roast, Caffeination, Short_Desc, Long_Desc, Approved, Date_Submitted) VALUES (35, 16, 'Dark Island', 'Action|Sci-Fi|Thriller', 'Ram Van 2500', 'Fusce congue, diam id ornare imperdiet, sapien urna pretium nisl, ut volutpat sapien arcu sed augue.', 'Donec dapibus. Duis at velit eu est congue elementum. In hac habitasse platea dictumst. Morbi vestibulum, velit id pretium iaculis, diam erat fermentum justo, nec condimentum neque sapien placerat ante. Nulla justo. Aliquam quis turpis eget elit sodales scelerisque. Mauris sit amet eros. Suspendisse accumsan tortor quis turpis. Sed ante. Vivamus tortor.', 0, '2018-04-18 10:22:06');
INSERT INTO Coffees(Coffee_ID, Grower_ID, Coffee_Name, Roast, Caffeination, Short_Desc, Long_Desc, Approved, Date_Submitted) VALUES (36, 20, 'Fandango', 'Comedy', 'Legacy', 'In blandit ultrices enim.', 'Nunc rhoncus dui vel sem. Sed sagittis. Nam congue, risus semper porta volutpat, quam pede lobortis ligula, sit amet eleifend pede libero quis orci. Nullam molestie nibh in lectus. Pellentesque at nulla. Suspendisse potenti. Cras in purus eu magna vulputate luctus. Cum sociis natoque penatibus et magnis dis parturient montes, nascetur ridiculus mus.', 0, '2018-04-18 10:22:06');
INSERT INTO Coffees(Coffee_ID, Grower_ID, Coffee_Name, Roast, Caffeination, Short_Desc, Long_Desc, Approved, Date_Submitted) VALUES (37, 23, 'Drummer-Crab (Le Crabe-Tambour)', 'Adventure|Drama|War', 'RX', 'Duis bibendum.', 'Nulla ac enim. In tempor, turpis nec euismod scelerisque, quam turpis adipiscing lorem, vitae mattis nibh ligula nec sem. Duis aliquam convallis nunc. Proin at turpis a pede posuere nonummy. Integer non velit. Donec diam neque, vestibulum eget, vulputate ut, ultrices vel, augue. Vestibulum ante ipsum primis in faucibus orci luctus et ultrices posuere cubilia Curae; Donec pharetra, magna vestibulum aliquet ultrices, erat tortor sollicitudin mi, sit amet lobortis sapien sapien non mi. Integer ac neque. Duis bibendum.', 0, '2018-04-18 10:22:06');
INSERT INTO Coffees(Coffee_ID, Grower_ID, Coffee_Name, Roast, Caffeination, Short_Desc, Long_Desc, Approved, Date_Submitted) VALUES (38, 13, 'Werewolf, The', 'Horror|Sci-Fi', '9-7X', 'Lorem ipsum dolor sit amet, consectetuer adipiscing elit.', 'Phasellus sit amet erat. Nulla tempus. Vivamus in felis eu sapien cursus vestibulum. Proin eu mi. Nulla ac enim.', 0, '2018-04-18 10:22:06');
INSERT INTO Coffees(Coffee_ID, Grower_ID, Coffee_Name, Roast, Caffeination, Short_Desc, Long_Desc, Approved, Date_Submitted) VALUES (39, 1, 'Planet B-Boy', 'Documentary', 'L300', 'Integer non velit.', 'Morbi non lectus. Aliquam sit amet diam in magna bibendum imperdiet. Nullam orci pede, venenatis non, sodales sed, tincidunt eu, felis. Fusce posuere felis sed lacus. Morbi sem mauris, laoreet ut, rhoncus aliquet, pulvinar sed, nisl.', 0, '2018-04-18 10:22:06');
INSERT INTO Coffees(Coffee_ID, Grower_ID, Coffee_Name, Roast, Caffeination, Short_Desc, Long_Desc, Approved, Date_Submitted) VALUES (40, 15, 'Uninvited Guest', 'Drama', 'Rogue', 'Aliquam erat volutpat.', 'Maecenas leo odio, condimentum id, luctus nec, molestie sed, justo. Pellentesque viverra pede ac diam. Cras pellentesque volutpat dui. Maecenas tristique, est et tempus semper, est quam pharetra magna, ac consequat metus sapien ut nunc.', 0, '2018-04-18 10:22:06');

INSERT INTO Stores(Store_ID, Store_Name, Location) VALUES (1, 'Bean Bar Winona', 'Winona, MN');
INSERT INTO Stores(Store_ID, Store_Name, Location) VALUES (2, 'Bean Bar Rochester', 'Rochester, MN');
INSERT INTO Stores(Store_ID, Store_Name, Location) VALUES (3, 'Bean Bar La Crosse', 'La Crosse, WI');
INSERT INTO Stores(Store_ID, Store_Name, Location) VALUES (4, 'Bean Bar Red Wing', 'Red Wing, MN');
INSERT INTO Stores(Store_ID, Store_Name, Location) VALUES (5, 'Bean Bar Wabasha', 'Wabasha, MN');
INSERT INTO Stores(Store_ID, Store_Name, Location) VALUES (6, 'Bean Bar Minnesota City', 'Minnesota City, MN');

INSERT INTO Carries(Store_ID, Coffee_ID) VALUES (3, 37);
INSERT INTO Carries(Store_ID, Coffee_ID) VALUES (4, 24);
INSERT INTO Carries(Store_ID, Coffee_ID) VALUES (2, 22);
INSERT INTO Carries(Store_ID, Coffee_ID) VALUES (5, 40);
INSERT INTO Carries(Store_ID, Coffee_ID) VALUES (2, 4);
INSERT INTO Carries(Store_ID, Coffee_ID) VALUES (6, 39);
INSERT INTO Carries(Store_ID, Coffee_ID) VALUES (4, 23);
INSERT INTO Carries(Store_ID, Coffee_ID) VALUES (2, 26);
INSERT INTO Carries(Store_ID, Coffee_ID) VALUES (2, 17);
INSERT INTO Carries(Store_ID, Coffee_ID) VALUES (1, 34);
INSERT INTO Carries(Store_ID, Coffee_ID) VALUES (5, 29);
INSERT INTO Carries(Store_ID, Coffee_ID) VALUES (6, 13);
INSERT INTO Carries(Store_ID, Coffee_ID) VALUES (6, 28);
INSERT INTO Carries(Store_ID, Coffee_ID) VALUES (1, 33);
INSERT INTO Carries(Store_ID, Coffee_ID) VALUES (5, 34);
INSERT INTO Carries(Store_ID, Coffee_ID) VALUES (2, 28);
INSERT INTO Carries(Store_ID, Coffee_ID) VALUES (6, 13);
INSERT INTO Carries(Store_ID, Coffee_ID) VALUES (4, 35);
INSERT INTO Carries(Store_ID, Coffee_ID) VALUES (3, 24);
INSERT INTO Carries(Store_ID, Coffee_ID) VALUES (4, 3);
INSERT INTO Carries(Store_ID, Coffee_ID) VALUES (4, 31);
INSERT INTO Carries(Store_ID, Coffee_ID) VALUES (1, 36);
INSERT INTO Carries(Store_ID, Coffee_ID) VALUES (6, 28);
INSERT INTO Carries(Store_ID, Coffee_ID) VALUES (1, 7);
INSERT INTO Carries(Store_ID, Coffee_ID) VALUES (5, 2);
INSERT INTO Carries(Store_ID, Coffee_ID) VALUES (3, 7);
INSERT INTO Carries(Store_ID, Coffee_ID) VALUES (1, 13);
INSERT INTO Carries(Store_ID, Coffee_ID) VALUES (6, 20);
INSERT INTO Carries(Store_ID, Coffee_ID) VALUES (6, 40);
INSERT INTO Carries(Store_ID, Coffee_ID) VALUES (2, 35);
INSERT INTO Carries(Store_ID, Coffee_ID) VALUES (5, 30);
INSERT INTO Carries(Store_ID, Coffee_ID) VALUES (6, 13);
INSERT INTO Carries(Store_ID, Coffee_ID) VALUES (2, 25);
INSERT INTO Carries(Store_ID, Coffee_ID) VALUES (3, 16);
INSERT INTO Carries(Store_ID, Coffee_ID) VALUES (2, 37);
INSERT INTO Carries(Store_ID, Coffee_ID) VALUES (3, 35);
INSERT INTO Carries(Store_ID, Coffee_ID) VALUES (5, 26);
INSERT INTO Carries(Store_ID, Coffee_ID) VALUES (1, 20);
INSERT INTO Carries(Store_ID, Coffee_ID) VALUES (5, 16);
INSERT INTO Carries(Store_ID, Coffee_ID) VALUES (1, 14);
INSERT INTO Carries(Store_ID, Coffee_ID) VALUES (1, 23);
INSERT INTO Carries(Store_ID, Coffee_ID) VALUES (6, 31);
INSERT INTO Carries(Store_ID, Coffee_ID) VALUES (6, 15);
INSERT INTO Carries(Store_ID, Coffee_ID) VALUES (5, 18);
INSERT INTO Carries(Store_ID, Coffee_ID) VALUES (5, 3);
INSERT INTO Carries(Store_ID, Coffee_ID) VALUES (5, 40);
INSERT INTO Carries(Store_ID, Coffee_ID) VALUES (2, 19);
INSERT INTO Carries(Store_ID, Coffee_ID) VALUES (4, 18);
INSERT INTO Carries(Store_ID, Coffee_ID) VALUES (4, 6);
INSERT INTO Carries(Store_ID, Coffee_ID) VALUES (2, 18);
INSERT INTO Carries(Store_ID, Coffee_ID) VALUES (2, 1);
INSERT INTO Carries(Store_ID, Coffee_ID) VALUES (1, 4);
INSERT INTO Carries(Store_ID, Coffee_ID) VALUES (4, 26);
INSERT INTO Carries(Store_ID, Coffee_ID) VALUES (3, 11);
INSERT INTO Carries(Store_ID, Coffee_ID) VALUES (6, 28);
INSERT INTO Carries(Store_ID, Coffee_ID) VALUES (4, 20);
INSERT INTO Carries(Store_ID, Coffee_ID) VALUES (4, 5);
INSERT INTO Carries(Store_ID, Coffee_ID) VALUES (2, 13);
INSERT INTO Carries(Store_ID, Coffee_ID) VALUES (5, 17);
INSERT INTO Carries(Store_ID, Coffee_ID) VALUES (1, 17);
INSERT INTO Carries(Store_ID, Coffee_ID) VALUES (4, 21);
INSERT INTO Carries(Store_ID, Coffee_ID) VALUES (1, 31);
INSERT INTO Carries(Store_ID, Coffee_ID) VALUES (5, 13);
INSERT INTO Carries(Store_ID, Coffee_ID) VALUES (5, 7);
INSERT INTO Carries(Store_ID, Coffee_ID) VALUES (1, 13);
INSERT INTO Carries(Store_ID, Coffee_ID) VALUES (1, 18);
INSERT INTO Carries(Store_ID, Coffee_ID) VALUES (1, 22);
INSERT INTO Carries(Store_ID, Coffee_ID) VALUES (3, 15);
INSERT INTO Carries(Store_ID, Coffee_ID) VALUES (6, 37);
INSERT INTO Carries(Store_ID, Coffee_ID) VALUES (1, 26);
INSERT INTO Carries(Store_ID, Coffee_ID) VALUES (6, 34);
INSERT INTO Carries(Store_ID, Coffee_ID) VALUES (1, 1);
INSERT INTO Carries(Store_ID, Coffee_ID) VALUES (1, 39);
INSERT INTO Carries(Store_ID, Coffee_ID) VALUES (3, 11);
INSERT INTO Carries(Store_ID, Coffee_ID) VALUES (4, 34);
INSERT INTO Carries(Store_ID, Coffee_ID) VALUES (2, 13);
INSERT INTO Carries(Store_ID, Coffee_ID) VALUES (4, 35);
INSERT INTO Carries(Store_ID, Coffee_ID) VALUES (2, 24);
INSERT INTO Carries(Store_ID, Coffee_ID) VALUES (2, 32);
INSERT INTO Carries(Store_ID, Coffee_ID) VALUES (3, 5);